model,term,estimate,conf.low,conf.high,statistic,p,odds_ratio,or_low,or_high,p_bonferroni,significant_bonferroni
exploratory_writer_knowledge,(Intercept),-0.9237136396612375,-1.0947217534494667,-0.7527055258730085,-10.586898046290553,3.427624643699949e-26,0.39704182958109757,0.3346327043916784,0.4710902800838899,NA,FALSE
exploratory_writer_knowledge,paragraph_typeai,0.0853969982341862,-0.009614814427877094,0.1804088108962495,1.7616234890934326,0.07813293259121085,1.0891493712578018,0.9904312601160616,1.1977068986819512,NA,FALSE
exploratory_writer_knowledge,writer_knowledge,0.011849801720390797,0.009093142243578382,0.014606461197203213,8.425119167334554,3.603832773165944e-17,1.0119202887648124,1.009134610458332,1.0147136568319521,7.207665546331889e-16,TRUE
exploratory_writer_importance,(Intercept),-0.6787811933664781,-0.8780953392960108,-0.47946704743694546,-6.674823235335097,2.475303330284701e-11,0.5072348369565992,0.41557368523274224,0.6191132618955263,NA,FALSE
exploratory_writer_importance,paragraph_typeai,0.232287412107086,0.1449561342214412,0.3196186899927308,5.213194777569357,1.8561582114998666e-7,1.2614822419997214,1.1559888608044402,1.376602751840748,NA,FALSE
exploratory_writer_importance,writer_importance,0.0062756780989680384,0.003419207975419887,0.00913214822251619,4.306049956953734,1.661955391270264e-5,1.0062954114251725,1.0034250601350254,1.0091739735093852,3.323910782540528e-4,TRUE
exploratory_writer_confidence,(Intercept),-0.5532913394919642,-0.7679696055472855,-0.3386130734366429,-5.051424712377369,4.3852678238548816e-7,0.5750539942833295,0.4639541225089815,0.7127581808151946,NA,FALSE
exploratory_writer_confidence,paragraph_typeai,0.2620935430797598,0.17453008697298972,0.34965699918652987,5.866533001968949,4.4500172776835305e-9,1.2996481098301962,1.1906865660006503,1.4185808907365123,NA,FALSE
exploratory_writer_confidence,writer_confidence,0.003972639872381514,0.0010887314067771748,0.006856548337985853,2.699888420967589,0.006936273472054877,1.0039805412658247,1.0010893242899592,1.0068801082813907,0.13872546944109754,FALSE
exploratory_writer_stance_polarity,(Intercept),-0.46024964397830603,-0.6037842089399207,-0.3167150790166914,-6.284707285218042,3.2847199614121425e-10,0.6311260690160515,0.5467387427987497,0.7285383014063672,NA,FALSE
exploratory_writer_stance_polarity,paragraph_typeai,0.28187947095196186,0.20001745156757347,0.3637414903363503,6.74883926882959,1.490325715437931e-11,1.3256189347693363,1.2214240737389328,1.4387022476475175,NA,FALSE
exploratory_writer_stance_polarity,writer_stance_polarity,0.0029055294092642328,0.0010073863231098424,0.004803672495418623,3.0001600193994213,0.002698378040217858,1.0029097545509384,1.0010078939071418,1.0048152286266874,0.05396756080435716,FALSE
exploratory_paragraph_formality,(Intercept),-0.7515562065258408,-0.9062024340061668,-0.5969099790455147,-9.525114974664291,1.6485932851509334e-21,0.4716320245160975,0.4040557425192134,0.5505100983401457,NA,FALSE
exploratory_paragraph_formality,paragraph_typeai,0.019635149802266983,-0.09377743558175917,0.13304773518629315,0.33932906399391927,0.7343618502034599,1.019829187260253,0.9104853813412445,1.1423045251487716,NA,FALSE
exploratory_paragraph_formality,paragraph_formality,0.010827095122213788,0.007823034215306094,0.013831156029121482,7.0640100698132615,1.6176501452684059e-12,1.0108859202265843,1.0078537140985488,1.0139272489821145,3.235300290536812e-11,TRUE
exploratory_paragraph_clarity,(Intercept),-0.8776251662017438,-1.0972195687074429,-0.6580307636960447,-7.8331400894280785,4.758336160655062e-15,0.41576912273935235,0.33379789674850135,0.5178701397082028,NA,FALSE
exploratory_paragraph_clarity,paragraph_typeai,0.16609786152533662,0.07250912545699714,0.25968659759367607,3.4784723052682733,5.042805434756356e-4,1.1806886400610688,1.0752026177606384,1.2965236893420529,NA,FALSE
exploratory_paragraph_clarity,paragraph_clarity,0.008879759445303063,0.005856456560095249,0.011903062330510876,5.756620942389324,8.58143075169986e-9,1.0089193014637508,1.005873639128427,1.0119741856920639,1.716286150339972e-7,TRUE
exploratory_paragraph_informativeness,(Intercept),-0.7958061798838653,-0.9393190542401181,-0.6522933055276124,-10.868373017008151,1.630830482756599e-27,0.4512173259228337,0.39089392231180986,0.5208499380313889,NA,FALSE
exploratory_paragraph_informativeness,paragraph_typeai,0.04069572153996568,-0.05968122254388079,0.14107266562381215,0.7946261890238163,0.42683097956005756,1.0415351406164663,0.9420647947422294,1.151508320015066,NA,FALSE
exploratory_paragraph_informativeness,paragraph_informativeness,0.012211475087039955,0.009426913687463786,0.014996036486616123,8.595267955789867,8.307072579322378e-18,1.0122863395738548,1.0094714869910955,1.0151090412094745,1.6614145158644756e-16,TRUE
exploratory_paragraph_originality,(Intercept),-0.7017452708159317,-0.8614503239775174,-0.5420402176543461,-8.6120972999454235,7.173591728643062e-18,0.49571938380531927,0.4225488050362596,0.5815605311183836,NA,FALSE
exploratory_paragraph_originality,paragraph_typeai,0.1669943443527958,0.07469877151522294,0.25928991719036865,3.5462470245389364,3.9075972286096614e-4,1.1817475817420549,1.0775595103730349,1.2960094857960447,NA,FALSE
exploratory_paragraph_originality,paragraph_originality,0.011873695703302914,0.008012755760377322,0.015734635646228505,6.027551913751742,1.664617908025717e-9,1.0119444678597669,1.0080449438020174,1.0158590768479758,3.329235816051434e-8,TRUE
exploratory_paragraph_relevance,(Intercept),-1.3223255491377737,-1.5806221694622564,-1.064028928813291,-10.033853516516679,1.0820913171617833e-23,0.26651478749279806,0.20584698664647744,0.34506277264247154,NA,FALSE
exploratory_paragraph_relevance,paragraph_typeai,0.0963578994865863,0.002601032987290336,0.19011476598588226,2.0143379324762076,0.04397406600156748,1.1011530956054874,1.0026044186083252,1.2093883863434622,NA,FALSE
exploratory_paragraph_relevance,paragraph_relevance,0.014818057208149315,0.011341987087228755,0.018294127329069876,8.355084172219012,6.538607126149974e-17,1.0149283889114147,1.0114065512873285,1.0184624899920058,1.3077214252299948e-15,TRUE
exploratory_writer_optimism,(Intercept),-0.8018649577204336,-0.963388941075465,-0.6403409743654023,-9.729988110448783,2.246192113540042e-22,0.4484917655092332,0.3815974808120129,0.5271126614923315,NA,FALSE
exploratory_writer_optimism,paragraph_typeai,0.19044916894240307,0.1049543382854553,0.27594399959935084,4.3660360415294885,1.2652161213436593e-5,1.2097928770231077,1.1106598945627673,1.3177740660852997,NA,FALSE
exploratory_writer_optimism,writer_optimism,0.01206308463365915,0.00884650512387237,0.015279664143445929,7.350420330818354,1.9758452064638646e-13,1.0121361370895572,1.0088857510948528,1.0153969950421646,3.9516904129277295e-12,TRUE
exploratory_writer_community,(Intercept),-1.218826527244815,-1.4181605114012903,-1.01949254308834,-11.984188782012389,4.300333625919701e-33,0.2955768148325674,0.24215905627220452,0.3607779730044887,NA,FALSE
exploratory_writer_community,paragraph_typeai,0.14930488487080443,0.0646001176342106,0.23400965210739827,3.454731139810676,5.508418273563854e-4,1.1610269147939833,1.0667323716199921,1.2636566890989926,NA,FALSE
exploratory_writer_community,writer_community,0.016476815558038774,0.013295053619964255,0.019658577496113293,10.149711292733707,3.323451320114616e-24,1.0166133069006185,1.0133838258194736,1.0198530797861,6.646902640229232e-23,TRUE
exploratory_writer_friendliness,(Intercept),-1.136974737177678,-1.3598827724306208,-0.9140667019247352,-9.997080337061211,1.5695641596903602e-23,0.320788023416091,0.25669086643621714,0.4008906019754018,NA,FALSE
exploratory_writer_friendliness,paragraph_typeai,0.23057157934212746,0.14920828950896436,0.31193486917529056,5.55424924798079,2.788074201882756e-8,1.2593196053284963,1.1609147703954443,1.36606571714521,NA,FALSE
exploratory_writer_friendliness,writer_friendliness,0.016709900438655362,0.012672102138626282,0.020747698738684442,8.111054741089639,5.018224012725536e-16,1.0168502917096056,1.0127527334543862,1.0209644285265018,1.0036448025451073e-14,TRUE
exploratory_writer_openness,(Intercept),-0.4059744483376163,-0.5389911206295785,-0.2729577760456541,-5.981921541675239,2.2052049449209887e-9,0.6663271929748418,0.5833364717352557,0.7611249246545235,NA,FALSE
exploratory_writer_openness,paragraph_typeai,0.32253631724666443,0.24288275266862422,0.4021898818247046,7.936362532655922,2.081968828235589e-15,1.3806250304488838,1.274919134488762,1.4950951971289776,NA,FALSE
exploratory_writer_openness,writer_openness,0.0035688599263586007,5.977021682307651e-4,0.006540017684486437,2.3542462201464054,0.018560312467662498,1.0035752358896626,1.000597880827765,1.0065614502978915,0.37120624935325,FALSE
exploratory_paragraph_hope,(Intercept),-0.7289977249545554,-0.8701269990808281,-0.5878684508282827,-10.124117016602554,4.318588998612521e-24,0.48239223757814015,0.41889834616441585,0.5555101207878967,NA,FALSE
exploratory_paragraph_hope,paragraph_typeai,0.1837674795819187,0.09811101615063192,0.2694239430132055,4.2049090877910595,2.6118712144914168e-5,1.2017363623659967,1.103085238588232,1.3092100538676044,NA,FALSE
exploratory_paragraph_hope,paragraph_hope,0.011614091783178265,0.008642991204251296,0.014585192362105235,7.661538545555744,1.8371871974978085e-14,1.0116817972056031,1.0086804496927528,1.0146920752840212,3.674374394995617e-13,TRUE
exploratory_paragraph_excitement,(Intercept),-0.5395240428010779,-0.6700928592422712,-0.40895522635988457,-8.098776733262504,5.551455988887985e-16,0.5830256816168518,0.5116610631218675,0.6643439767544567,NA,FALSE
exploratory_paragraph_excitement,paragraph_typeai,0.2426261980351553,0.1587718888511618,0.3264805072191488,5.671009808349361,1.4195826967606474e-8,1.27459209003169,1.172070553823679,1.386081230921997,NA,FALSE
exploratory_paragraph_excitement,paragraph_excitement,0.010130012441873337,0.00616117424134382,0.014098850642402854,5.002587292766288,5.656595422067361e-7,1.010181494709733,1.00618019331524,1.0141987081773873,1.1313190844134722e-5,TRUE
exploratory_paragraph_fear,(Intercept),-0.22316918836528943,-0.35670023531535433,-0.0896381414152245,-3.2756694540002615,0.0010541185565535957,0.7999794906220373,0.6999822962602416,0.9142619589595526,NA,FALSE
exploratory_paragraph_fear,paragraph_typeai,0.3091432898161241,0.22945822272289215,0.388828356909356,7.60380503153638,2.875483595016682e-14,1.3622575541536217,1.2579183137235619,1.4752513129055398,NA,FALSE
exploratory_paragraph_fear,paragraph_fear,-0.0016319166131791788,-0.004652800243668598,0.0013889670173102403,-1.05879543168155,0.28969295462774114,0.9983694142386922,0.9953580072631646,1.001389932078759,1,FALSE
exploratory_paragraph_disgust,(Intercept),-0.16209360029627276,-0.278472783757939,-0.04571441683460653,-2.72984918140254,0.0063363306168708715,0.8503616067167735,0.7569388685010378,0.9553147450466024,NA,FALSE
exploratory_paragraph_disgust,paragraph_typeai,0.29125125065909047,0.21048164483060472,0.3720208564875762,7.067534326665501,1.5771074227159698e-12,1.3381007404114584,1.2342723977353216,1.4506632367174206,NA,FALSE
exploratory_paragraph_disgust,paragraph_disgust,-0.003905732064303688,-0.006640651453153906,-0.0011708126754534703,-2.799020040775962,0.005125795601258127,0.9961018853867075,0.9933813489467739,0.9988298724582931,0.10251591202516255,FALSE
exploratory_paragraph_anger,(Intercept),-0.17914223866606233,-0.2966921311559539,-0.06159234617617078,-2.9869217951479956,0.0028180180001748365,0.835986981266797,0.7432728076807691,0.9402661117500939,NA,FALSE
exploratory_paragraph_anger,paragraph_typeai,0.2943780986777117,0.21352044820242827,0.3752357491529951,7.135632408983504,9.634316487355416e-13,1.3422913263085925,1.2380288134730497,1.4553344680475016,NA,FALSE
exploratory_paragraph_anger,paragraph_anger,-0.0030519481576817948,-0.005600138626981371,-5.037576883822185e-4,-2.347433813840409,0.01890323127059801,0.9969527043018716,0.9944155129187675,0.9994963691762182,0.3780646254119602,FALSE
exploratory_writer_affect_x,(Intercept),-0.5325786851390255,-0.6775875030431718,-0.3875698672348792,-7.198424598538431,6.091221400680136e-13,0.5870890981080317,0.5078406797955467,0.6787042134081605,NA,FALSE
exploratory_writer_affect_x,paragraph_typeai,0.267759713136197,0.18563504644371656,0.3498843798286775,6.390277311235339,1.6558518530205043e-10,1.307033039409396,1.203982782389843,1.4189034852448696,NA,FALSE
exploratory_writer_affect_x,writer_affect_x,0.006348649467684364,0.0033398221561735044,0.009357476779195224,4.13553953712369,3.541216361459082e-5,1.0063688448579138,1.0033454055763373,1.0094013948455727,7.082432722918164e-4,TRUE
exploratory_writer_affect_y,(Intercept),-0.32802987684301227,-0.558275491989678,-0.09778426169634655,-2.792351741664531,0.0052326440618915395,0.7203414978539538,0.5721949683107277,0.9068445237510305,NA,FALSE
exploratory_writer_affect_y,paragraph_typeai,0.3175355947472114,0.2359782645150536,0.39909292497936916,7.630930631771053,2.330650697400172e-14,1.3737381418570016,1.2661467895533098,1.490472114262918,NA,FALSE
exploratory_writer_affect_y,writer_affect_y,0.0011090128396491375,-0.00387054634702355,0.006088572026321825,0.436509566935624,0.6624670595618126,1.0011096280217824,0.9961369345626405,1.0061071450562586,1,FALSE
